{
  "timestamp": "2025-07-11T02:32:21.669348",
  "generated_sequences": {
    "J": {
      "count": 89,
      "avg_quality": 0.6466599706381531,
      "variations_used": [
        "speed_variation",
        "amplitude_variation",
        "trajectory_noise",
        "phase_shift",
        "hand_swap"
      ]
    }
  },
  "quality_scores": [
    0.6603966266341397,
    0.6887724085701288,
    0.64585428549222,
    0.620704705750318,
    0.6717527830670964,
    0.620704705750318,
    0.6360511058580316,
    0.6155247035209537,
    0.6286220055148317,
    0.6155247035209537,
    0.6355399824285347,
    0.6170775006376044,
    0.6286220055148315,
    0.6207047057503179,
    0.6454659840910237,
    0.611660342538572,
    0.6097876032455817,
    0.6647270941894379,
    0.622997236255417,
    0.6696578394317765,
    0.6172920984718002,
    0.6170775006376044,
    0.6854319328704346,
    0.6985370863526253,
    0.622997236255417,
    0.64585428549222,
    0.6148911671052,
    0.6270926357930585,
    0.6360511058580316,
    0.7247555428879426,
    0.6783358174728922,
    0.6704811143161054,
    0.6355399824285353,
    0.64585428549222,
    0.6328111763886449,
    0.7151151418027037,
    0.6286220055148317,
    0.6647270941894379,
    0.620704705750318,
    0.6136353703208338,
    0.6086570365944013,
    0.6059542273466025,
    0.7030129885108828,
    0.622997236255417,
    0.6027775198896654,
    0.6148911671052,
    0.6172920984718002,
    0.6696578394317765,
    0.6944619989487066,
    0.6172920984718,
    0.6608522499925833,
    0.6328111763886449,
    0.6704811143161054,
    0.6647270941894379,
    0.7247555428879429,
    0.603253373945233,
    0.694913964923184,
    0.607361038555309,
    0.6581570485341885,
    0.7247555428879429,
    0.611660342538572,
    0.6355399824285353,
    0.6059542273466024,
    0.6887724085701289,
    0.6647270941894382,
    0.6172920984718002,
    0.64585428549222,
    0.6854319328704346,
    0.6155247035209537,
    0.6355399824285353,
    0.6148911671052,
    0.607361038555309,
    0.6481851760930695,
    0.6340635642352462,
    0.6789546859470128,
    0.6949139649231846,
    0.6481851760930695,
    0.6887724085701289,
    0.6696578394317765,
    0.6944619989487066,
    0.6704811143161054,
    0.64585428549222,
    0.6027775198896654,
    0.6270926357930585,
    0.6668580636368451,
    0.6155247035209537,
    0.607361038555309,
    0.7030129885108828,
    0.7030129885108828
  ],
  "total_generated": 89,
  "avg_quality": 0.6466599706381531
}